{"completed_combinations": 1499400, "total_combinations": 1499400, "best_combination_idx": 725852, "best_combination": [72, 107, 212, 217], "best_performance": 0.09885656878207327, "best_actual_return": null, "timestamp": "2025-04-08T00:09:01.881119", "elapsed_seconds": 1.3732202053070068}