{"completed_combinations": 1499400, "total_combinations": 1499400, "best_combination_idx": 439904, "best_combination": [42, 47, 107, 132], "best_performance": 0.08769417970077908, "timestamp": "2025-04-07T06:03:09.810044", "elapsed_seconds": 165.0224425792694}