{
    "n_tests": 30,
    "avg_return": -0.007583137058112437,
    "median_return": -0.012946633969667616,
    "std_return": 0.05882610641910089,
    "avg_sharpe": -0.6604134741219324,
    "avg_max_drawdown": 0.07591798783617283,
    "avg_trades": 2.8666666666666667,
    "success_rate": 0.3
}